Timestamp,Station,Anello,Progressiva
2017-04-09 16:05,3412.007324219,-7,3419.803222656
2017-04-25 20:25,3420.873046875,-4,3423.041992188
2017-04-27 12:49,3423.041992188,-3,3425.322265625
2017-04-28 13:22,3425.322265625,-2,3427.416259766
2017-05-10 18:01,3427.416259766,-1,3429.712646484
2017-05-12 11:36,3431.900146484,1,3434.089111328
2017-05-13 17:53,3434.089111328,2,3436.280761719
2017-05-14 08:37,3436.280761719,3,3438.466552734
2017-05-14 16:50,3438.466552734,4,3440.685546875
2017-05-15 10:35,3440.685302734,5,3442.924316406
2017-05-16 13:58,3442.924316406,6,3445.082275391
2017-05-17 10:19,3445.082275391,7,3447.1953125
2017-05-17 14:58,3447.1953125,8,3449.391113281
2017-05-18 08:37,3449.391113281,9,3451.582275391
2017-05-21 06:50,3451.582275391,10,3453.809570312
2017-05-21 15:10,3453.809570312,11,3456.022949219
2017-05-21 19:38,3456.022949219,12,3458.236328125
2017-05-22 10:38,3458.236328125,13,3460.435546875
2017-05-22 19:23,3460.435546875,14,3462.637939453
2017-05-23 11:27,3462.637939453,15,3464.900146484
2017-05-24 03:13,3464.900146484,16,3467.050292969
2017-05-24 09:54,3467.050292969,17,3469.267822266
2017-05-24 15:07,3469.267822266,18,3471.52734375
2017-05-24 19:49,3471.52734375,19,3473.6484375
2017-05-25 16:53,3473.6484375,20,3475.9296875
2017-05-25 21:17,3475.9296875,21,3478.114013672
2017-05-27 07:54,3478.114013672,22,3480.291259766
2017-05-27 11:40,3480.291259766,23,3482.504150391
2017-05-27 18:38,3482.504150391,24,3484.70703125
2017-05-28 09:05,3484.70703125,25,3486.860595703
2017-05-28 13:14,3486.860595703,26,3489.010498047
2017-05-30 07:19,3489.010498047,27,3491.305664062
2017-05-30 17:45,3491.305664062,28,3493.468505859
2017-05-31 08:01,3493.468505859,29,3495.679931641
2017-05-31 13:33,3495.679931641,30,3497.786865234
2017-05-31 17:59,3497.786865234,31,3500.083984375
2017-06-03 18:44,3500.083984375,32,3502.286376953
2017-06-04 11:33,3502.286376953,33,3504.503662109
2017-06-04 15:44,3504.503662109,34,3506.561767578
2017-06-04 23:32,3506.561767578,35,3508.841552734
2017-06-05 03:41,3508.841552734,36,3511.023925781
2017-06-05 14:48,3511.023925781,37,3513.265625
2017-06-06 15:14,3513.265625,38,3515.431884766
2017-06-07 05:47,3515.431884766,39,3517.674072266
2017-06-07 10:19,3517.674072266,40,3519.859863281
2017-06-07 13:56,3519.859863281,41,3522.008789062
2017-06-07 17:20,3522.008789062,42,3524.236328125
2017-06-07 22:34,3524.236328125,43,3526.364013672
2017-06-08 01:18,3526.364013672,44,3528.579101562
2017-06-08 09:50,3528.579101562,45,3530.874511719
2017-06-08 15:18,3530.874511719,46,3533.028564453
2017-06-08 19:25,3533.028564453,47,3535.250976562
2017-06-09 00:48,3535.256103516,48,3537.476074219
2017-06-13 16:06,3537.476074219,49,3539.657226562
2017-06-14 16:14,3539.657226562,50,3541.852050781
2017-06-15 00:48,3541.852050781,51,3544.267822266
2017-06-15 05:13,3544.267822266,52,3546.211669922
2017-06-15 13:57,3546.211669922,53,3548.393554688
2017-06-15 18:37,3548.393554688,54,3550.634521484
2017-06-15 22:19,3550.634521484,55,3552.796875
2017-06-16 04:02,3552.796875,56,3555.034667969
2017-06-16 08:24,3555.034667969,57,3557.228271484
2017-06-16 14:05,3557.228271484,58,3559.388427734
2017-06-16 17:56,3559.388427734,59,3561.624511719
2017-06-16 21:17,3561.624511719,60,3563.882324219
2017-06-17 03:38,3563.882324219,61,3565.989746094
2017-06-17 19:24,3565.989746094,62,3568.276367188
2017-06-17 22:51,3568.276367188,63,3570.500244141
2017-06-18 02:32,3570.500244141,64,3572.684082031
2017-06-18 06:03,3572.684082031,65,3574.8203125
2017-06-18 10:42,3574.8203125,66,3577.018554688
2017-06-18 16:31,3577.018554688,67,3579.260009766
2017-06-18 23:09,3579.260009766,68,3581.431396484
2017-06-19 01:59,3581.431396484,69,3583.606689453
2017-06-19 04:49,3583.606689453,70,3585.864990234
2017-07-07 23:46,3585.864990234,71,3587.992675781
2017-07-08 10:16,3587.992675781,72,3590.184570312
2017-07-08 14:57,3590.184570312,73,3592.41796875
2017-07-08 19:04,3592.41796875,74,3594.627197266
2017-07-08 23:31,3594.627197266,75,3596.789306641
2017-07-09 06:54,3596.789306641,76,3598.982910156
2017-07-09 13:12,3598.982910156,77,3601.170898438
2017-07-09 16:52,3601.170898438,78,3603.666259766
2017-07-09 22:16,3603.666259766,79,3605.56640625
2017-07-10 04:07,3605.56640625,80,3607.770019531
2017-07-10 16:04,3607.770019531,81,3609.949707031
2017-07-10 22:00,3609.950439453,82,3612.269042969
2017-07-11 02:35,3612.269042969,83,3614.883300781
2017-07-11 07:23,3614.883300781,84,3616.597900391
2017-07-11 21:43,3616.597900391,85,3618.849609375
2017-07-12 01:54,3618.849609375,86,3621.014404297
2017-07-12 05:09,3621.014892578,87,3623.218261719
2017-07-12 11:16,3623.218261719,88,3625.427978516
2017-07-12 15:15,3625.427978516,89,3627.594238281
2017-07-12 20:31,3627.594238281,90,3629.848876953
2017-07-13 00:34,3629.848876953,91,3631.987548828
2017-07-13 07:52,3631.987548828,92,3634.764404297
2017-07-13 11:57,3634.767822266,93,3636.401367188
2017-07-13 15:01,3636.401367188,94,3638.599609375
2017-07-13 18:45,3638.599609375,95,3640.797119141
2017-07-14 09:37,3640.797119141,96,3642.300292969
2017-07-17 02:28,3642.960693359,97,3645.172607422
2017-07-17 06:44,3645.172607422,98,3647.366699219
2017-07-17 10:15,3647.366699219,99,3649.562744141
2017-07-17 14:29,3649.562744141,100,3651.859375
2017-07-17 18:08,3651.859375,101,3654.021484375
2017-07-17 21:27,3654.021484375,102,3656.134277344
2017-07-18 02:45,3656.134277344,103,3658.354003906
2017-07-18 06:46,3658.354003906,104,3660.578613281
2017-07-18 11:18,3660.578613281,105,3664.130371094
2017-07-18 17:01,3664.130371094,106,3665.043457031
2017-07-18 19:39,3665.043457031,107,3667.212158203
2017-07-18 22:40,3667.212158203,108,3669.375976562
2017-07-19 03:27,3669.375976562,109,3671.583740234
2017-07-19 07:51,3671.583740234,110,3673.778808594
2017-07-19 12:03,3673.778808594,111,3676.035400391
2017-07-19 15:43,3676.035400391,112,3678.262939453
2017-07-19 18:30,3678.262939453,113,3680.408691406
2017-07-19 22:46,3680.408691406,114,3682.499755859
2017-07-20 02:04,3682.499755859,115,3684.774658203
2017-07-20 05:34,3684.774658203,116,3686.988037109
2017-07-20 09:09,3686.988037109,117,3689.181396484
2017-07-20 12:25,3689.181396484,118,3691.428222656
2017-07-20 15:36,3691.428222656,119,3693.630859375
2017-07-20 18:28,3693.630859375,120,3695.754394531
2017-07-20 23:42,3695.754394531,121,3697.969238281
2017-07-21 03:07,3697.969238281,122,3700.196777344
2017-07-21 09:17,3700.196777344,123,3702.465087891
2017-07-21 20:38,3702.465087891,124,3704.561523438
2017-07-21 23:35,3704.561523438,125,3706.779541016
2017-07-22 03:27,3706.779541016,126,3708.977783203
2017-07-22 19:23,3708.977783203,127,3711.215332031
2017-07-22 22:43,3711.215332031,128,3713.367431641
2017-07-23 02:36,3713.367431641,129,3715.570800781
2017-07-23 05:48,3715.570800781,130,3717.765625
2017-07-23 09:21,3717.765625,131,3719.971435547
2017-07-23 13:15,3719.971435547,132,3722.162841797
2017-07-23 16:20,3722.162841797,133,3724.359375
2017-07-23 22:27,3724.359375,134,3726.842529297
2017-07-24 02:01,3726.842529297,135,3728.773925781
2017-07-24 06:33,3728.773925781,136,3731.043701172
2017-07-26 20:40,3731.043701172,137,3733.171142578
2017-07-27 17:57,3733.171142578,138,3735.315185547
2017-07-28 07:54,3735.315185547,139,3737.619384766
2017-07-28 14:24,3737.619384766,140,3739.712890625
2017-07-28 19:03,3739.712890625,141,3741.935058594
2017-07-29 07:24,3741.935058594,142,3744.226074219
2017-07-29 11:24,3744.226074219,143,3746.389648438
2017-07-29 15:21,3746.389648438,144,3748.563476562
2017-07-30 06:34,3748.563476562,145,3750.716308594
2017-07-30 10:34,3750.717041016,146,3752.977294922
2017-08-01 23:39,3752.977294922,147,3755.159423828
2017-08-02 04:29,3755.159423828,148,3757.340820312
2017-08-02 08:29,3757.340820312,149,3759.573486328
2017-08-03 01:44,3759.573486328,150,3761.780761719
2017-08-03 06:01,3761.780761719,151,3763.948730469
2017-08-03 14:24,3763.948730469,152,3766.138916016
2017-08-03 19:22,3766.138916016,153,3768.459228516
2017-08-03 23:44,3768.459228516,154,3770.637451172
2017-08-04 03:46,3770.638183594,155,3772.7421875
2017-08-04 11:47,3772.742675781,156,3774.970703125
2017-08-04 16:01,3774.970703125,157,3777.151611328
2017-08-04 20:48,3777.151611328,158,3779.441162109
2017-08-05 00:20,3779.441162109,159,3781.630859375
2017-08-05 03:54,3781.630859375,160,3783.748291016
2017-08-05 11:20,3783.748291016,161,3785.950927734
2017-08-05 16:09,3785.950927734,162,3788.234130859
2017-08-05 21:06,3788.234130859,163,3790.455810547
2017-08-06 00:35,3790.455810547,164,3792.641113281
2017-08-06 03:49,3792.641113281,165,3794.703857422
2017-08-06 07:21,3794.703857422,166,3796.961425781
2017-08-06 10:38,3796.961425781,167,3799.230957031
2017-08-07 01:46,3799.230957031,168,3801.477539062
2017-08-07 04:57,3801.477539062,169,3803.578857422
2017-08-07 09:09,3803.578857422,170,3805.791259766
2017-08-07 14:14,3805.791259766,171,3807.953125
2017-08-07 17:29,3807.953369141,172,3810.221679688
2017-08-07 22:57,3810.221679688,173,3812.394775391
2017-08-08 05:44,3812.394775391,174,3814.5703125
2017-08-08 11:12,3814.5703125,175,3816.738769531
2017-08-23 07:49,3816.738769531,176,3818.901611328
2017-08-23 13:44,3818.901611328,177,3821.115478516
2017-08-23 18:34,3821.115478516,178,3823.3515625
2017-08-23 23:52,3823.3515625,179,3825.548583984
2017-08-24 03:21,3825.548583984,180,3827.782226562
2017-08-24 08:56,3827.782226562,181,3829.916259766
2017-08-24 13:30,3829.916259766,182,3832.132324219
2017-08-24 18:17,3832.132324219,183,3835.241455078
2017-08-25 00:23,3835.245361328,184,3836.887451172
2017-08-25 03:08,3836.887451172,185,3838.721679688
2017-08-25 13:06,3838.721679688,186,3840.890625
2017-08-25 17:36,3840.890625,187,3843.709960938
2017-08-25 23:46,3843.712890625,188,3845.310791016
2017-08-26 02:32,3845.310791016,189,3847.534912109
2017-08-26 05:57,3847.534912109,190,3849.703125
2017-08-26 10:17,3849.703125,191,3851.911376953
2017-08-26 14:40,3851.911376953,192,3854.101318359
2017-08-26 18:59,3854.101318359,193,3856.369628906
2017-08-26 23:28,3856.369628906,194,3858.541503906
2017-08-27 03:02,3858.541503906,195,3860.73828125
2017-08-27 07:13,3860.73828125,196,3862.902587891
2017-08-27 12:13,3862.902587891,197,3865.817626953
2017-08-27 17:38,3865.817626953,198,3867.711425781
2017-08-27 21:30,3867.711425781,199,3869.618896484
2017-08-28 02:01,3869.618896484,200,3871.768310547
2017-08-28 06:02,3871.768310547,201,3873.953857422
2017-08-28 11:07,3873.953857422,202,3876.099365234
2017-08-28 16:19,3876.099365234,203,3878.309814453
2017-08-28 20:38,3878.309814453,204,3880.628173828
2017-08-29 00:00,3880.628173828,205,3882.815917969
2017-08-29 03:08,3882.815917969,206,3884.999267578
2017-08-29 06:17,3884.999267578,207,3887.144042969
2017-08-29 11:37,3887.144042969,208,3889.357421875
2017-08-29 16:17,3889.357421875,209,3891.547851562
2017-08-29 20:14,3891.547851562,210,3893.833496094
2017-08-29 23:06,3893.833984375,211,3896.024169922
2017-08-30 01:44,3896.024169922,212,3898.223388672
2017-08-30 04:31,3898.223388672,213,3900.343505859
2017-08-30 08:09,3900.343505859,214,3902.537841797
2017-08-30 10:49,3902.537841797,215,3904.737304688
2017-08-30 13:40,3904.737304688,216,3906.928955078
2017-08-30 19:52,3906.928955078,217,3909.154052734
2017-08-31 20:38,3909.154052734,218,3911.429443359
2017-09-01 00:03,3911.429443359,219,3913.622314453
2017-09-01 04:44,3913.622314453,220,3915.756591797
2017-09-01 08:54,3915.756591797,221,3917.971679688
2017-09-16 23:55,3917.971679688,222,3920.106445312
2017-09-17 05:44,3920.106445312,223,3922.30859375
2017-09-17 12:19,3922.30859375,224,3924.52734375
2017-09-17 17:50,3924.52734375,225,3926.728027344
2017-09-17 21:36,3926.728027344,226,3928.92578125
2017-09-18 01:10,3928.92578125,227,3931.133056641
2017-09-18 04:55,3931.133056641,228,3933.316894531
2017-09-18 07:57,3933.316894531,229,3935.492675781
2017-09-18 11:44,3935.492675781,230,3937.698242188
2017-09-18 14:59,3937.698242188,231,3939.973876953
2017-09-18 19:25,3939.973876953,232,3942.128662109
2017-09-18 22:32,3942.128662109,233,3944.344482422
2017-09-19 03:34,3944.344482422,234,3946.482666016
2017-09-19 07:41,3946.482666016,235,3948.711181641
2017-09-19 11:24,3948.711181641,236,3950.9765625
2017-09-19 22:57,3950.9765625,237,3953.112792969
2017-09-20 03:28,3953.112792969,238,3955.297119141
2017-09-20 08:04,3955.297119141,239,3957.481933594
2017-09-20 12:00,3957.482421875,240,3959.735839844
2017-09-20 16:20,3959.735839844,241,3961.940917969
2017-09-20 19:45,3961.940917969,242,3964.137451172
2017-09-20 23:11,3964.137451172,243,3966.407470703
2017-09-21 03:53,3966.407470703,244,3968.495605469
2017-09-21 09:40,3968.495605469,245,3970.732177734
2017-09-21 17:48,3970.732177734,246,3972.972900391
2017-09-22 02:43,3972.972900391,247,3975.182617188
2017-09-22 06:01,3975.182617188,248,3977.305175781
2017-09-22 11:36,3977.305175781,249,3979.525878906
2017-09-22 15:08,3979.525878906,250,3981.671386719
2017-09-22 18:34,3981.671386719,251,3983.9375
2017-09-22 22:44,3983.9375,252,3986.200439453
2017-09-23 01:48,3986.200439453,253,3988.351806641
2017-09-23 07:42,3988.351806641,254,3990.515380859
2017-09-23 12:42,3990.515380859,255,3992.769042969
2017-09-23 19:06,3992.769042969,256,3995.001220703
2017-09-24 06:09,3995.001220703,257,3997.093505859
2017-09-24 12:28,3997.093505859,258,3999.33984375
2017-09-24 14:47,3999.33984375,259,4001.449462891
2017-09-24 19:53,4001.449462891,260,4003.807617188
2017-09-25 01:47,4003.807617188,261,4005.99609375
2017-09-25 05:31,4005.99609375,262,4008.098388672
2017-09-25 09:46,4008.098388672,263,4010.329101562
2017-09-25 14:10,4010.329101562,264,4012.527832031
2017-09-25 17:46,4012.527832031,265,4014.676513672
2017-09-25 21:33,4014.676513672,266,4017.012939453
2017-09-26 00:59,4017.012939453,267,4019.105957031
2017-09-26 06:56,4019.105957031,268,4021.339599609
2017-09-26 11:19,4021.339599609,269,4023.510986328
2017-09-26 16:46,4023.510986328,270,4025.712890625
2017-09-26 21:12,4025.712890625,271,4027.874023438
2017-09-27 01:09,4027.874023438,272,4030.065429688
2017-09-27 05:42,4030.065429688,273,4032.334960938
2017-09-27 09:50,4032.334960938,274,4034.506103516
2017-09-27 13:39,4034.506103516,275,4036.644287109
2017-09-27 16:49,4036.644287109,276,4038.967041016
2017-09-27 20:28,4038.967041016,277,4041.065185547
2017-09-28 00:01,4041.065185547,278,4043.264404297
2017-09-28 03:51,4043.264404297,279,4045.559082031
2017-09-28 09:29,4045.559082031,280,4047.677490234
2017-09-28 13:28,4047.677490234,281,4050.009521484
2017-09-28 17:22,4050.009521484,282,4052.180175781
2017-09-28 20:20,4052.180175781,283,4054.268310547
2017-09-28 23:15,4054.268310547,284,4056.473876953
2017-09-29 02:09,4056.473876953,285,4058.674072266
2017-09-29 05:09,4058.674072266,286,4060.952392578
2017-09-29 09:14,4060.952392578,287,4063.135986328
2017-09-29 14:29,4063.135986328,288,4065.373291016
2017-09-29 19:19,4065.373291016,289,4067.514892578
2017-09-29 22:52,4067.514892578,290,4069.666015625
2017-09-30 01:41,4069.666015625,291,4071.869628906
2017-09-30 05:10,4071.869628906,292,4074.125
2017-09-30 08:47,4074.125,293,4076.316650391
2017-09-30 13:07,4076.316650391,294,4078.553955078
2017-09-30 16:25,4078.553955078,295,4080.7890625
2017-09-30 19:29,4080.7890625,296,4082.901611328
2017-09-30 22:42,4082.901611328,297,4085.065917969
2017-10-01 01:38,4085.065917969,298,4087.263427734
2017-10-01 04:31,4087.263427734,299,4089.527832031
2017-10-01 07:42,4089.527832031,300,4091.727783203
2017-10-01 11:32,4091.727783203,301,4094.009521484
2017-10-01 15:22,4094.009521484,302,4096.172363281
2017-10-01 20:03,4096.172363281,303,4098.265136719
2017-10-01 23:19,4098.265136719,304,4100.467773438
2017-10-02 02:18,4100.467773438,305,4102.670410156
2017-10-02 05:22,4102.670410156,306,4104.911132812
2017-10-02 09:31,4104.911132812,307,4107.098144531
2017-10-02 13:41,4107.098144531,308,4109.361816406
2017-10-02 17:47,4109.361816406,309,4111.430175781
2017-10-02 21:38,4111.430175781,310,4113.696289062
2017-10-03 01:56,4113.696289062,311,4115.897949219
2017-10-03 05:27,4115.897949219,312,4118.103027344
2017-10-03 11:40,4118.102539062,313,4120.26953125
2017-10-03 17:10,4120.26953125,314,4122.455566406
2017-10-03 20:01,4122.455566406,315,4124.705566406
2017-10-03 23:30,4124.705566406,316,4127.125
2017-10-04 03:13,4127.129394531,317,4129.088867188
2017-10-04 06:16,4129.088867188,318,4131.348632812
2017-10-04 11:00,4131.348632812,319,4133.510742188
2017-10-04 21:00,4133.510742188,320,4135.746582031
2017-10-05 00:06,4135.746582031,321,4137.869140625
2017-10-05 03:32,4137.869140625,322,4140.100097656
2017-10-05 06:34,4140.100097656,323,4142.362792969
2017-10-05 09:18,4142.362792969,324,4144.533691406
2017-10-05 12:31,4144.533691406,325,4146.668945312
2017-10-05 15:00,4146.668945312,326,4148.866210938
2017-10-05 17:29,4148.866210938,327,4151.065917969
2017-10-05 21:17,4151.065917969,328,4153.432617188
2017-10-06 04:03,4153.432617188,329,4155.583496094
2017-10-06 09:13,4155.583496094,330,4157.778808594
2017-10-06 11:51,4157.778808594,331,4159.929199219
2017-10-06 14:23,4159.929199219,332,4162.065917969
2017-10-06 16:40,4162.065917969,333,4164.2890625
2017-10-06 20:14,4164.2890625,334,4166.513671875
2017-10-06 23:41,4166.516601562,335,4168.710449219
2017-10-07 02:54,4168.710449219,336,4170.894042969
2017-10-07 09:30,4170.894042969,337,4173.12890625
2017-10-07 14:31,4173.12890625,338,4175.291503906
2017-10-07 17:15,4175.291503906,339,4177.465820312
2017-10-07 19:38,4177.465820312,340,4179.653808594
2017-10-07 22:10,4179.653808594,341,4181.908203125
2017-10-08 01:15,4181.908203125,342,4184.080566406
2017-10-08 04:56,4184.080566406,343,4186.345703125
2017-10-08 08:02,4186.345703125,344,4188.548828125
2017-10-08 10:41,4188.548828125,345,4190.744628906
2017-10-08 13:29,4190.744628906,346,4192.853027344
2017-10-08 15:54,4192.853515625,347,4195.048339844
2017-10-08 18:18,4195.048339844,348,4197.250976562
2017-10-08 21:32,4197.251464844,349,4199.560546875
2017-10-09 01:40,4199.560546875,350,4201.739746094
2017-10-09 04:44,4201.739746094,351,4203.952636719
2017-10-15 15:44,4203.952636719,352,4206.169433594
2017-10-16 05:03,4206.169433594,353,4208.323242188
2017-10-16 12:02,4208.323242188,354,4210.497070312
2017-10-16 15:37,4210.497070312,355,4212.723632812
2017-10-16 18:52,4212.723632812,356,4214.946289062
2017-10-16 22:23,4214.946289062,357,4217.145996094
2017-10-17 01:15,4217.146972656,358,4219.388671875
2017-10-17 04:00,4219.388671875,359,4221.539550781
2017-10-17 18:44,4221.539550781,360,4223.685058594
2017-10-17 21:29,4223.685058594,361,4225.958984375
2017-10-18 01:49,4225.958984375,362,4228.188476562
2017-10-18 04:34,4228.188476562,363,4230.3046875
2017-10-18 07:12,4230.3046875,364,4232.498046875
2017-10-18 12:48,4232.498046875,365,4234.747558594
2017-10-18 15:42,4234.747558594,366,4236.881835938
2017-10-18 18:20,4236.881835938,367,4239.111328125
2017-10-18 23:05,4239.111328125,368,4241.374023438
2017-10-19 01:39,4241.374023438,369,4243.560058594
2017-10-19 04:06,4243.560546875,370,4245.759765625
2017-10-19 07:00,4245.759765625,371,4247.874511719
2017-10-19 09:40,4247.874511719,372,4250.087402344
2017-10-20 02:18,4250.087402344,373,4252.397949219
2017-10-20 06:06,4252.397949219,374,4254.507324219
2017-10-20 09:59,4254.507324219,375,4256.695800781
2017-10-20 13:57,4256.695800781,376,4258.912597656
2017-10-20 18:15,4258.912597656,377,4261.120605469
2017-10-21 02:04,4261.120605469,378,4263.311035156
2017-10-21 09:42,4263.311035156,379,4265.500488281
2017-10-21 13:58,4265.500488281,380,4267.737304688
2017-10-21 18:35,4267.737304688,381,4269.950195312
2017-10-22 03:15,4269.950195312,382,4272.040039062
2017-10-22 08:18,4272.040039062,383,4274.370605469
2017-10-22 15:08,4274.370605469,384,4276.552246094
2017-10-22 18:08,4276.552246094,385,4278.734863281
2017-10-22 22:04,4278.734863281,386,4280.856933594
2017-10-23 02:16,4280.856933594,387,4283.064941406
2017-10-23 06:45,4283.064941406,388,4285.321777344
2017-10-23 12:13,4285.321777344,389,4287.5234375
2017-10-23 17:23,4287.5234375,390,4289.723632812
2017-10-24 07:11,4289.723632812,391,4291.884765625
2017-10-24 14:58,4291.884765625,392,4294.137207031
2017-10-24 18:16,4294.137207031,393,4296.336425781
2017-10-24 21:22,4296.336425781,394,4298.445800781
2017-10-25 02:18,4298.445800781,395,4300.681152344
2017-10-25 07:04,4300.681152344,396,4302.900390625
2017-10-25 13:05,4302.900390625,397,4305.121582031
2017-10-25 17:32,4305.121582031,398,4307.30859375
2017-10-25 22:46,4307.30859375,399,4309.428710938
2017-10-26 03:29,4309.428710938,400,4311.66015625
2017-10-26 07:43,4311.66015625,401,4313.913085938
2017-10-26 14:27,4313.913085938,402,4316.112792969
2017-10-27 01:23,4316.112792969,403,4318.3515625
2017-10-27 04:43,4318.3515625,404,4320.493652344
2017-10-27 07:16,4320.493652344,405,4322.700683594
2017-10-27 12:19,4322.700683594,406,4324.848632812
2017-10-27 19:28,4324.848632812,407,4327.062988281
2017-10-28 00:48,4327.063476562,408,4329.284179688
2017-10-28 15:58,4329.284179688,409,4331.444335938
2017-10-28 18:50,4331.444335938,410,4333.659179688
2017-10-28 21:01,4333.659179688,411,4335.900390625
2017-10-29 00:17,4335.900390625,412,4338.083984375
2017-10-29 03:45,4338.083984375,413,4340.262207031
2017-10-29 10:55,4340.262207031,414,4342.541992188
2017-10-29 13:35,4342.541992188,415,4344.678710938
2017-10-30 12:24,4344.678710938,416,4346.84375
2017-10-30 15:49,4346.84375,417,4349.044921875
2017-10-30 18:20,4349.044921875,418,4351.264160156
2017-10-30 22:03,4351.264160156,419,4353.469726562
2017-10-31 03:58,4353.469726562,420,4355.76171875
2017-10-31 11:42,4355.76171875,421,4357.93359375
2017-10-31 20:04,4357.93359375,422,4360.051757812
2017-10-31 23:00,4360.051757812,423,4362.289550781
2017-11-01 04:27,4362.289550781,424,4364.555664062
2017-11-01 14:45,4364.555664062,425,4366.638671875
2017-11-01 20:44,4366.638671875,426,4368.879882812
2017-11-02 05:46,4368.879882812,427,4371.155273438
2017-11-02 10:05,4371.155273438,428,4373.36328125
2017-11-02 17:13,4373.36328125,429,4375.469726562
2017-11-02 20:41,4375.469726562,430,4377.700683594
2017-11-03 05:01,4377.700683594,431,4379.842773438
2017-11-03 13:25,4379.842773438,432,4382.062011719
2017-11-03 20:23,4382.062011719,433,4384.2734375
2017-11-03 23:54,4384.2734375,434,4386.469726562
2017-11-04 09:02,4386.469726562,435,4388.645996094
2017-11-04 15:17,4388.645996094,436,4390.902832031
2017-11-04 23:35,4390.902832031,437,4393.075683594
2017-11-05 02:30,4393.075683594,438,4395.224121094
2017-11-05 10:24,4395.224121094,439,4397.42578125
2017-11-05 16:19,4397.42578125,440,4399.69140625
2017-11-05 19:46,4399.69140625,441,4401.901855469
2017-11-06 01:50,4401.901855469,442,4404.068847656
2017-11-06 12:19,4404.068847656,443,4406.254882812
2017-11-06 17:08,4406.254882812,444,4408.475585938
2017-11-06 20:23,4408.475585938,445,4410.741210938
2017-11-07 00:19,4410.741210938,446,4412.874023438
2017-11-07 04:44,4412.874023438,447,4415.021972656
2017-11-07 10:12,4415.021972656,448,4417.229980469
2017-11-07 15:43,4417.229980469,449,4419.434082031
2017-11-09 23:41,4419.434082031,450,4421.684570312
2017-11-11 14:12,4421.684570312,451,4423.873046875
2017-11-11 18:24,4423.873046875,452,4426.07421875
2017-11-11 21:42,4426.07421875,453,4428.325195312
2017-11-12 00:47,4428.325195312,454,4430.544921875
2017-11-12 03:11,4430.545410156,455,4432.75390625
2017-11-12 05:29,4432.75390625,456,4434.867675781
2017-11-12 09:13,4434.867675781,457,4437.099609375
2017-11-12 12:01,4437.099609375,458,4439.273925781
2017-11-12 14:34,4439.273925781,459,4441.468261719
2017-11-17 04:46,4441.468261719,460,4443.662597656
2017-11-26 20:36,4443.662597656,461,4445.857910156
2017-11-26 23:48,4445.857910156,462,4448.072265625
2017-11-27 02:46,4448.072265625,463,4450.25390625
2017-11-27 15:32,4450.25390625,464,4452.445800781
2017-11-28 05:31,4452.445800781,465,4454.600585938
2017-11-28 12:43,4454.600585938,466,4456.868164062
2017-11-28 16:18,4456.868164062,467,4459.055175781
2017-11-28 19:22,4459.055175781,468,4461.267089844
2017-11-28 22:35,4461.267089844,469,4463.4375
2017-11-29 03:37,4463.4375,470,4465.640136719
2017-11-29 07:34,4465.640136719,471,4467.83203125
2017-11-29 11:09,4467.83203125,472,4469.992675781
2017-11-29 15:09,4469.992675781,473,4472.241699219
2017-11-29 20:01,4472.241699219,474,4474.439453125
2017-11-29 23:01,4474.439453125,475,4476.647949219
2017-11-30 02:26,4476.647949219,476,4478.852050781
2017-11-30 05:13,4478.852050781,477,4481.015136719
2017-11-30 08:27,4481.015136719,478,4483.207519531
2017-11-30 11:28,4483.207519531,479,4485.417480469
2017-11-30 14:03,4485.417480469,480,4487.618652344
2017-11-30 17:23,4487.618652344,481,4489.833984375
2017-12-01 00:27,4489.833984375,482,4492.001953125
2017-12-01 14:51,4492.001953125,483,4494.210449219
2017-12-01 17:38,4494.210449219,484,4496.46875
2017-12-01 20:24,4496.46875,485,4498.701660156
2017-12-01 23:12,4498.701660156,486,4500.925292969
2017-12-02 02:28,4500.925292969,487,4503.111328125
2017-12-02 05:17,4503.111328125,488,4505.194824219
2017-12-02 13:34,4505.194824219,489,4507.435058594
2017-12-02 17:01,4507.435058594,490,4509.647460938
2017-12-02 20:27,4509.647460938,491,4511.922363281
2017-12-02 23:29,4511.922363281,492,4514.117675781
2017-12-03 02:26,4514.117675781,493,4516.311523438
2017-12-03 04:56,4516.311523438,494,4518.437988281
2017-12-03 07:39,4518.437988281,495,4520.663574219
2017-12-03 10:31,4520.663574219,496,4522.838867188
2017-12-03 15:42,4522.838867188,497,4525.032714844
2017-12-03 18:25,4525.032714844,498,4527.244628906
2017-12-03 22:42,4527.244628906,499,4529.444335938
2017-12-05 13:46,4529.444335938,500,4531.643066406
2017-12-05 17:38,4531.643066406,501,4533.831542969
2017-12-05 23:20,4533.831542969,502,4536.096679688
2017-12-06 02:09,4536.096679688,503,4538.306640625
2017-12-06 04:40,4538.306640625,504,4540.438476562
2017-12-06 07:08,4540.438476562,505,4542.633789062
2017-12-06 10:15,4542.633789062,506,4544.853515625
2017-12-06 13:31,4544.853515625,507,4547.034179688
2017-12-06 16:12,4547.034179688,508,4549.233398438
2017-12-06 19:05,4549.233398438,509,4551.425292969
2017-12-06 22:00,4551.425292969,510,4553.687011719
2017-12-07 00:22,4553.687011719,511,4555.895019531
2017-12-07 02:36,4555.895019531,512,4558.0859375
2017-12-07 04:57,4558.0859375,513,4560.189941406
2017-12-07 08:06,4560.189941406,514,4562.437011719
2017-12-07 11:06,4562.437011719,515,4564.586425781
2017-12-07 13:15,4564.586425781,516,4566.834960938
2017-12-07 18:56,4566.834960938,517,4568.999511719
2017-12-07 21:43,4568.999511719,518,4571.174316406
2017-12-08 00:34,4571.174316406,519,4573.366210938
2017-12-08 03:11,4573.366210938,520,4575.5703125
2017-12-08 05:38,4575.5703125,521,4577.785644531
2017-12-08 08:23,4577.785644531,522,4580.002929688
2017-12-08 11:26,4580.002929688,523,4582.2265625
2017-12-08 13:53,4582.2265625,524,4584.437011719
2017-12-09 08:59,4596.801757812,530,4598.277832031
2017-12-09 13:09,4598.277832031,531,4599.867675781
2017-12-09 16:32,4599.867675781,532,4602.067871094
2017-12-09 19:10,4602.067871094,533,4604.231445312
2017-12-09 22:02,4604.231445312,534,4606.344238281
2017-12-10 05:42,4606.344238281,535,4608.616210938
2017-12-10 11:26,4608.616210938,536,4610.869628906
2017-12-10 15:28,4610.869628906,537,4613.05078125
2017-12-10 18:08,4613.05078125,538,4615.26171875
2017-12-10 20:50,4615.26171875,539,4617.358886719
2017-12-11 00:13,4617.358886719,540,4619.549316406
2017-12-11 02:42,4619.549316406,541,4621.756347656
2017-12-11 05:15,4621.756347656,542,4623.9921875
2017-12-11 08:17,4623.9921875,543,4626.18359375
2017-12-11 12:22,4626.18359375,544,4628.450683594
2017-12-11 18:40,4628.450683594,545,4630.654785156
2018-01-06 17:12,4630.654785156,546,4632.875
2018-01-06 21:54,4632.875,547,4634.986328125
2018-01-07 01:18,4634.986328125,548,4637.180664062
2018-01-07 04:44,4637.180664062,549,4639.377929688
2018-01-07 13:25,4639.377929688,550,4641.5703125
2018-01-08 01:37,4641.5703125,551,4643.75390625
2018-01-08 05:15,4643.75390625,552,4646.015625
2018-01-08 08:24,4646.015625,553,4648.193847656
2018-01-08 12:22,4648.193847656,554,4650.352050781
2018-01-08 15:46,4650.352050781,555,4652.560546875
2018-01-08 19:23,4652.560546875,556,4654.786621094
2018-01-08 22:50,4654.786621094,557,4656.958496094
2018-01-09 01:48,4656.958496094,558,4659.201660156
2018-01-09 04:33,4659.201660156,559,4661.409667969
2018-01-09 07:45,4661.409667969,560,4663.640136719
2018-01-09 12:13,4663.640136719,561,4665.767089844
2018-01-09 15:24,4665.767089844,562,4667.955566406
2018-01-09 19:12,4667.955566406,563,4670.12890625
2018-01-09 22:45,4670.12890625,564,4672.345703125
2018-01-10 19:32,4672.345703125,565,4674.558105469
2018-01-11 05:16,4674.558105469,566,4676.828125
2018-01-11 08:37,4676.828125,567,4678.982421875
2018-01-11 13:39,4678.982421875,568,4681.109863281
2018-01-11 18:09,4681.109863281,569,4683.367675781
2018-01-12 01:21,4683.367675781,570,4685.546386719
2018-01-12 04:57,4685.546386719,571,4687.84765625
2018-01-12 08:37,4687.84765625,572,4689.99609375
2018-01-12 13:35,4689.99609375,573,4692.099609375
2018-01-12 17:21,4692.099609375,574,4694.328613281
2018-01-12 21:10,4694.328613281,575,4696.560058594
2018-01-13 01:14,4696.560058594,576,4698.743164062
2018-01-13 04:59,4698.743164062,577,4701.01953125
2018-01-13 08:59,4701.01953125,578,4703.184082031
2018-01-13 13:31,4703.184082031,579,4705.348144531
2018-01-13 20:52,4705.348144531,580,4707.572753906
2018-01-14 00:15,4707.572753906,581,4709.709960938
2018-01-14 11:40,4709.709960938,582,4711.956542969
2018-01-14 15:13,4711.956542969,583,4714.15234375
2018-01-14 18:50,4714.15234375,584,4716.364257812
2018-01-15 00:03,4716.364257812,585,4718.55078125
2018-01-15 03:51,4718.55078125,586,4720.717773438
2018-01-15 08:48,4720.717773438,587,4722.896484375
2018-01-15 13:03,4722.896484375,588,4725.135742188
2018-01-15 17:02,4725.135742188,589,4727.3203125
2018-01-15 22:40,4727.3203125,590,4729.548828125
2018-01-16 02:36,4729.548828125,591,4731.741699219
2018-01-16 06:18,4731.741699219,592,4733.932617188
2018-01-18 15:23,4733.932617188,593,4736.207519531
2018-01-18 20:51,4736.209472656,594,4738.409179688
2018-01-19 02:00,4738.409179688,595,4740.551757812
2018-01-19 06:38,4740.551757812,596,4742.690917969
2018-01-19 11:22,4742.690917969,597,4744.941894531
2018-01-19 16:01,4744.941894531,598,4747.13671875
2018-01-19 21:33,4747.13671875,599,4749.342285156
2018-01-20 06:51,4749.342285156,600,4751.547363281
2018-01-20 14:42,4751.547363281,601,4753.787109375
2018-01-21 06:58,4753.787109375,602,4755.916015625
2018-01-21 12:31,4755.916015625,603,4758.144042969
2018-01-21 17:03,4758.144042969,604,4760.348144531
2018-01-21 21:43,4760.348144531,605,4762.583496094
2018-01-22 01:54,4762.583496094,606,4764.744140625
2018-01-22 07:55,4764.744140625,607,4766.929199219
2018-01-22 12:24,4766.929199219,608,4769.138671875
2018-01-22 16:30,4769.138671875,609,4771.333496094
2018-01-22 21:16,4771.333496094,610,4773.602050781
2018-01-23 02:46,4773.602050781,611,4775.690429688
2018-01-24 00:00,4775.690429688,612,4777.940917969
2018-01-25 16:50,4777.940917969,613,4780.205078125
2018-01-25 23:25,4780.205078125,614,4782.428222656
2018-02-02 04:54,4782.428222656,615,4784.576660156
2018-02-02 12:40,4784.576660156,616,4786.679199219
2018-02-02 22:55,4786.679199219,617,4788.907714844
2018-02-03 04:18,4788.907714844,618,4791.203613281
2018-02-03 09:50,4791.203613281,619,4793.30078125
2018-02-03 15:24,4793.30078125,620,4795.5234375
2018-02-03 19:58,4795.523925781,621,4797.708496094
2018-02-04 00:47,4797.708496094,622,4799.928222656
2018-02-04 05:26,4799.928222656,623,4802.204589844
2018-02-04 09:35,4802.204589844,624,4804.406738281
2018-02-04 13:56,4804.406738281,625,4806.521972656
2018-02-04 18:38,4806.521972656,626,4808.67578125
2018-02-04 23:21,4808.67578125,627,4810.873535156
2018-02-05 04:13,4810.873535156,628,4813.142089844
2018-02-05 12:06,4813.142578125,629,4815.278320312
2018-02-05 17:10,4815.278320312,630,4817.471679688
2018-02-05 21:16,4817.471679688,631,4819.744628906
2018-02-06 08:25,4819.745117188,632,4821.947753906
2018-02-06 13:31,4821.947753906,633,4824.096191406
2018-02-06 19:02,4824.096191406,634,4826.309082031
2018-02-06 23:46,4826.309082031,635,4828.500488281
2018-02-07 07:48,4828.500976562,636,4830.716308594
2018-02-08 08:36,4830.716308594,637,4832.91796875
2018-02-09 08:58,4832.91796875,638,4835.081054688
2018-02-09 13:02,4835.081054688,639,4837.306640625
2018-02-09 17:51,4837.306640625,640,4839.494628906
2018-02-09 22:12,4839.494628906,641,4841.703613281
2018-02-10 03:55,4841.703613281,642,4843.89453125
2018-02-10 07:49,4843.89453125,643,4846.077636719
2018-02-10 13:56,4846.077636719,644,4848.292480469
2018-02-10 20:38,4848.292480469,645,4850.502929688
2018-02-11 03:28,4850.502929688,646,4852.690429688
2018-02-11 18:48,4852.690429688,647,4854.94140625
2018-02-12 02:59,4854.94140625,648,4857.12109375
2018-02-14 11:42,4857.12109375,649,4859.3125
2018-02-14 15:58,4859.3125,650,4861.509277344
2018-02-14 20:22,4861.509277344,651,4863.780761719
2018-02-15 00:13,4863.780761719,652,4865.97265625
2018-02-15 04:01,4865.97265625,653,4868.08203125
2018-02-15 08:01,4868.08203125,654,4870.299316406
2018-02-15 11:28,4870.299316406,655,4872.508300781
2018-02-15 16:33,4872.508300781,656,4874.72265625
2018-02-15 21:20,4874.72265625,657,4876.943847656
2018-02-16 01:30,4876.943847656,658,4879.10546875
2018-02-16 06:00,4879.10546875,659,4881.24609375
2018-02-16 10:14,4881.24609375,660,4883.472167969
2018-02-16 14:22,4883.472167969,661,4885.709472656
2018-02-16 21:41,4885.709472656,662,4887.98046875
2018-02-17 05:45,4887.98046875,663,4890.069335938
2018-02-17 10:07,4890.069335938,664,4892.275878906
2018-02-17 16:13,4892.275878906,665,4894.53515625
2018-02-17 20:17,4894.53515625,666,4896.671386719
2018-02-18 00:56,4896.671386719,667,4898.884277344
2018-02-18 10:11,4898.884277344,668,4901.071289062
2018-02-18 14:54,4901.071289062,669,4903.328125
2018-02-18 19:24,4903.328125,670,4905.469238281
2018-02-18 23:43,4905.469238281,671,4907.664550781
2018-02-19 03:23,4907.664550781,672,4909.9140625
2018-02-19 08:01,4909.9140625,673,4912.115234375
2018-02-19 11:32,4912.115234375,674,4914.366699219
2018-02-19 15:32,4914.366699219,675,4916.572753906
2018-02-19 19:45,4916.572753906,676,4918.684082031
2018-02-19 23:27,4918.684082031,677,4920.922851562
2018-02-20 14:31,4920.922851562,678,4923.149414062
2018-02-21 04:31,4923.149414062,679,4925.317382812
2018-02-21 09:41,4925.317382812,680,4927.480957031
2018-02-21 15:33,4927.480957031,681,4929.709472656
2018-02-21 20:14,4929.709472656,682,4931.856933594
2018-02-22 01:12,4931.856933594,683,4934.051757812
2018-02-22 06:28,4934.051757812,684,4936.291015625
2018-02-22 14:08,4936.291015625,685,4938.469726562
2018-02-22 18:43,4938.469726562,686,4940.728515625
2018-02-22 23:20,4940.728515625,687,4942.876953125
2018-02-23 04:06,4942.876953125,688,4945.089355469
2018-02-23 09:13,4945.089355469,689,4947.294921875
2018-02-23 15:09,4947.294921875,690,4949.492675781
2018-02-23 20:41,4949.492675781,691,4951.681640625
2018-02-24 00:14,4951.681640625,692,4953.892578125
2018-02-24 03:55,4953.892578125,693,4956.123535156
2018-02-24 10:29,4956.123535156,694,4958.276367188
2018-02-24 18:05,4958.276855469,695,4960.467773438
2018-02-24 22:10,4960.467773438,696,4962.688964844
2018-02-25 03:55,4962.688964844,697,4964.963867188
2018-02-25 07:35,4964.963867188,698,4967.1640625
2018-02-25 12:11,4967.1640625,699,4969.250976562
2018-02-25 16:44,4969.250976562,700,4971.438964844
2018-02-25 22:03,4971.438964844,701,4973.689453125
2018-02-26 04:05,4973.689453125,702,4976.368652344
2018-02-27 01:19,4976.372070312,703,4978.1015625
2018-02-27 04:52,4978.1015625,704,4980.306640625
2018-02-27 20:39,4980.306640625,705,4982.436035156
2018-02-28 22:56,4982.436035156,706,4984.636230469
2018-03-01 09:18,4984.636230469,707,4986.931152344
2018-03-01 15:40,4986.931152344,708,4989.044433594
2018-03-02 05:36,4989.044433594,709,4991.215820312
2018-03-02 11:01,4991.215820312,710,4993.452148438
2018-03-02 18:09,4993.452148438,711,4995.626464844
2018-03-03 15:04,4995.626464844,712,4997.922851562
2018-03-11 00:02,4997.922851562,713,5000.046386719
2018-03-19 12:21,5000.046386719,714,5002.325195312
2018-03-19 17:35,5002.325195312,715,5004.495605469
2018-03-19 21:15,5004.495605469,716,5006.73046875
2018-03-20 01:31,5006.732910156,717,5008.857910156
2018-03-20 05:43,5008.857910156,718,5011.08203125
2018-03-20 11:52,5011.08203125,719,5013.252441406
2018-03-20 17:42,5013.252441406,720,5015.451660156
2018-03-20 21:42,5015.451660156,721,5017.648925781
2018-03-21 01:17,5017.648925781,722,5019.870605469
2018-03-21 04:56,5019.870605469,723,5022.114746094
2018-03-21 11:00,5022.114746094,724,5024.324707031
2018-03-21 14:26,5024.324707031,725,5026.4609375
2018-03-21 19:12,5026.4609375,726,5028.646972656
2018-03-21 23:17,5028.646972656,727,5030.860351562
2018-03-22 02:58,5030.860351562,728,5033.059570312
2018-03-22 06:42,5033.059570312,729,5035.323730469
2018-03-22 10:44,5035.323730469,730,5037.416503906
2018-03-22 13:50,5037.416503906,731,5039.657714844
2018-03-22 21:31,5039.657714844,732,5041.823242188
2018-03-23 00:41,5041.823242188,733,5044.041992188
2018-03-23 03:56,5044.041992188,734,5046.311035156
2018-03-23 08:47,5046.311035156,735,5048.571289062
2018-06-16 13:01,5048.571289062,736,5050.69921875
2018-06-17 08:14,5050.69921875,737,5052.955566406
2018-06-19 19:42,5052.955566406,738,5055.041503906
2018-06-20 06:18,5055.041503906,739,5057.267089844
2018-06-20 18:03,5057.267089844,740,5059.508789062
2018-06-20 22:26,5059.508789062,741,5061.697753906
2018-06-21 14:04,5061.697753906,742,5064.041015625
2018-06-23 09:59,5064.041015625,743,5066.097167969
2018-06-23 15:33,5066.097167969,744,5068.300292969
2018-06-23 18:51,5068.300292969,745,5070.465820312
2018-06-23 22:29,5070.465820312,746,5072.697265625
2018-06-24 02:56,5072.697265625,747,5075.013183594
2018-06-25 17:07,5075.013671875,748,5077.077636719
2018-06-26 05:43,5077.077636719,749,5079.244628906
2018-06-26 09:13,5079.244628906,750,5081.479003906
2018-06-26 13:13,5081.479003906,751,5083.638183594
2018-06-26 18:44,5083.638183594,752,5085.818359375
2018-06-26 22:15,5085.818359375,753,5088.039550781
2018-06-27 02:57,5088.039550781,754,5090.273925781
2018-06-27 07:22,5090.2734375,755,5092.482421875
2018-06-27 11:42,5092.482421875,756,5094.643066406
2018-06-27 15:02,5094.643066406,757,5096.832519531
2018-06-28 19:51,5096.832519531,758,5099.049804688
2018-06-28 23:21,5099.049804688,759,5101.264648438
2018-06-29 03:16,5101.264648438,760,5103.487792969
2018-06-29 07:02,5103.487792969,761,5105.715332031
2018-06-29 10:49,5105.715332031,762,5107.897460938
2018-06-29 14:04,5107.897460938,763,5110.049804688
2018-06-29 18:12,5110.049316406,764,5112.227539062
2018-06-29 21:05,5112.227539062,765,5114.45703125
2018-06-30 00:47,5114.45703125,766,5116.676269531
2018-06-30 04:08,5116.676269531,767,5118.879394531
2018-06-30 09:44,5118.879394531,768,5121.113769531
2018-06-30 12:41,5121.113769531,769,5123.269042969
2018-06-30 16:05,5123.269042969,770,5125.418457031
2018-06-30 18:57,5125.418457031,771,5127.699707031
2018-06-30 23:36,5127.700195312,772,5129.87890625
2018-07-01 03:53,5129.87890625,773,5132.079589844
2018-07-01 07:00,5132.079589844,774,5134.224609375
2018-07-01 10:42,5134.224609375,775,5136.428710938
2018-07-01 14:38,5136.428710938,776,5138.674804688
2018-07-01 17:51,5138.674804688,777,5140.84375
2018-07-01 22:12,5140.84375,778,5143.038085938
2018-07-02 02:59,5143.038085938,779,5145.280273438
2018-07-02 06:27,5145.280273438,780,5147.417480469
2018-07-02 10:04,5147.417480469,781,5149.643554688
2018-07-02 13:12,5149.643554688,782,5151.766113281
2018-07-02 17:32,5151.766113281,783,5154.063476562
2018-07-02 21:02,5154.063476562,784,5156.263183594
2018-07-03 00:22,5156.263183594,785,5158.458496094
2018-07-03 03:22,5158.458496094,786,5160.698242188
2018-07-03 07:15,5160.698242188,787,5162.819335938
2018-07-03 10:43,5162.819335938,788,5165.026367188
2018-07-03 14:33,5165.026367188,789,5167.245605469
2018-07-03 17:32,5167.245605469,790,5169.475585938
2018-07-03 20:27,5169.475585938,791,5171.670410156
2018-07-04 00:42,5171.670410156,792,5173.823730469
2018-07-04 04:35,5173.823730469,793,5176.010742188
2018-07-04 09:08,5176.01171875,794,5178.240234375
2018-07-04 13:04,5178.240722656,795,5180.385742188
2018-07-04 16:04,5180.385742188,796,5182.623535156
2018-07-04 19:24,5182.623535156,797,5184.888183594
2018-07-04 23:15,5184.888183594,798,5187.072753906
2018-07-05 02:32,5187.075683594,799,5189.254394531
2018-07-05 06:22,5189.254394531,800,5191.436035156
2018-07-05 09:18,5191.436035156,801,5193.610839844
2018-07-05 12:13,5193.610839844,802,5195.880371094
2018-07-05 18:19,5195.880371094,803,5198.03125
2018-07-05 22:05,5198.03125,804,5200.276367188
2018-07-06 01:32,5200.276367188,805,5202.475585938
2018-07-06 05:32,5202.475585938,806,5204.619140625
2018-07-06 08:57,5204.619140625,807,5206.830566406
2018-07-06 11:47,5206.830566406,808,5209.047363281
2018-07-06 15:23,5209.047363281,809,5211.270507812
2018-07-06 18:31,5211.270507812,810,5213.477050781
2018-07-06 22:01,5213.477050781,811,5215.734375
2018-07-07 01:16,5215.734863281,812,5217.937988281
2018-07-07 04:25,5217.937988281,813,5220.022949219
2018-07-07 07:29,5220.022949219,814,5222.260742188
2018-07-07 13:09,5222.260742188,815,5224.440429688
2018-07-07 16:14,5224.440429688,816,5226.683105469
2018-07-07 21:06,5226.683105469,817,5228.899414062
2018-07-08 01:33,5228.899414062,818,5231.079101562
2018-07-08 08:11,5231.079101562,819,5233.250976562
2018-07-08 12:07,5233.250976562,820,5235.440429688
2018-07-08 16:13,5235.440429688,821,5237.731933594
2018-07-13 08:46,5237.731933594,822,5239.937988281
2018-07-13 17:57,5239.937988281,823,5242.110351562
2018-07-13 21:26,5242.110351562,824,5244.209472656
2018-07-14 00:46,5244.209472656,825,5246.416503906
2018-07-14 04:11,5246.416503906,826,5248.637695312
2018-07-14 07:18,5248.637695312,827,5250.862792969
2018-07-14 11:17,5250.862792969,828,5253.12109375
2018-07-14 16:31,5253.12109375,829,5255.350585938
2018-07-14 19:52,5255.350585938,830,5257.4609375
2018-07-14 23:00,5257.498046875,831,5259.583007812
2018-07-15 01:52,5259.583007812,832,5261.822265625
2018-07-15 05:02,5261.822265625,833,5264.060058594
2018-07-15 08:10,5264.060058594,834,5266.290039062
2018-07-15 11:29,5266.290039062,835,5268.494628906
2018-07-15 15:45,5268.494628906,836,5270.698730469
2018-07-15 19:12,5270.698730469,837,5272.908691406
2018-07-15 22:45,5272.908691406,838,5275.005371094
2018-07-16 01:15,5275.005371094,839,5277.212402344
2018-07-16 03:44,5277.212402344,840,5279.41796875
2018-07-16 06:56,5279.41796875,841,5281.704589844
2018-07-16 16:14,5281.704589844,842,5283.887695312
2018-07-16 21:36,5283.888183594,843,5286.00390625
2018-07-17 01:06,5286.00390625,844,5288.195800781
2018-07-17 04:06,5288.195800781,845,5290.465820312
2018-07-17 06:57,5290.465332031,846,5292.703613281
2018-07-17 09:49,5292.703613281,847,5294.858886719
2018-07-17 13:19,5294.858886719,848,5297.089355469
2018-07-17 16:42,5297.089355469,849,5299.301269531
2018-07-17 19:57,5299.301269531,850,5301.485839844
2018-07-17 23:20,5301.485839844,851,5304.241699219
2018-07-18 02:13,5304.241699219,852,5305.835449219
2018-07-18 05:37,5305.835449219,853,5308.066894531
2018-07-18 09:07,5308.066894531,854,5310.242675781
2018-07-18 11:56,5310.242675781,855,5312.427246094
2018-07-18 14:46,5312.427246094,856,5314.638183594
2018-07-18 17:24,5314.638183594,857,5316.833007812
2018-07-18 20:07,5316.833007812,858,5319.016601562
2018-07-19 01:14,5319.016601562,859,5321.255859375
2018-07-19 04:01,5321.255859375,860,5323.4921875
2018-07-19 07:18,5323.492675781,861,5325.705078125
2018-07-19 10:50,5325.705078125,862,5327.917480469
2018-07-19 14:27,5327.917480469,863,5330.005371094
2018-07-19 17:05,5330.005371094,864,5332.214355469
2018-07-19 22:39,5332.214355469,865,5334.442382812
2018-07-20 02:46,5334.442382812,866,5336.717773438
2018-07-20 07:30,5336.717773438,867,5338.916015625
2018-07-20 11:28,5338.916015625,868,5341.087402344
2018-07-20 15:54,5341.087402344,869,5343.252441406
2018-07-20 20:31,5343.252441406,870,5345.468261719
2018-07-21 00:45,5345.468261719,871,5347.616699219
2018-07-21 04:43,5347.616699219,872,5349.901367188
2018-07-21 09:26,5349.901367188,873,5352.084960938
2018-07-21 17:04,5352.084960938,874,5354.248046875
2018-07-21 20:57,5354.248046875,875,5356.447753906
2018-07-21 23:43,5356.447753906,876,5358.729003906
2018-07-22 02:15,5358.729003906,877,5360.879882812
2018-07-22 06:03,5360.880371094,878,5363.048339844
2018-07-22 10:05,5363.048339844,879,5365.313476562
2018-07-22 14:18,5365.313476562,880,5367.436523438
2018-07-22 17:50,5367.436523438,881,5369.666503906
2018-07-23 02:32,5369.666503906,882,5371.834472656
2018-07-23 20:00,5371.8359375,883,5374.057128906
2018-07-23 23:00,5374.057128906,884,5376.312988281
2018-07-24 02:46,5376.312988281,885,5378.485839844
2018-07-24 07:11,5378.485839844,886,5380.688476562
2018-07-24 10:43,5380.688476562,887,5382.890625
2018-07-24 13:40,5382.890625,888,5385.046875
2018-07-24 16:58,5385.046875,889,5387.269042969
2018-07-24 21:11,5387.269042969,890,5389.431640625
2018-07-25 00:01,5389.431640625,891,5391.674316406
2018-07-25 04:00,5391.674804688,892,5393.840820312
2018-07-25 08:51,5393.840820312,893,5396.019042969
2018-07-25 11:46,5396.019042969,894,5398.286132812
2018-07-25 15:18,5398.286132812,895,5400.465820312
2018-07-25 17:58,5400.465820312,896,5402.706054688
2018-07-25 21:48,5402.706054688,897,5404.856933594
2018-07-26 00:43,5404.856933594,898,5407.064453125
2018-07-26 04:13,5407.064453125,899,5409.268066406
2018-07-26 08:14,5409.268066406,900,5411.478515625
2018-07-26 11:31,5411.478515625,901,5413.692871094
2018-07-26 15:15,5413.692871094,902,5415.896484375
2018-07-26 19:00,5415.896484375,903,5418.076171875
2018-07-26 22:15,5418.076171875,904,5420.32421875
2018-07-27 01:24,5420.32421875,905,5422.467773438
2018-07-27 14:30,5422.467773438,906,5424.712402344
2018-07-27 18:45,5424.712402344,907,5426.84765625
2018-07-27 21:29,5426.84765625,908,5429.0390625
2018-07-28 00:01,5429.0390625,909,5431.28125
2018-07-28 02:56,5431.28125,910,5433.471191406
2018-07-28 06:15,5433.471191406,911,5435.665039062
2018-07-28 09:43,5435.665039062,912,5437.822265625
2018-07-28 13:04,5437.822265625,913,5440.024902344
